{
"MftConfig":{
	"PortInfoList":
	[
		{
			"portName":"http",
			"host":"WIN-CM0H55IL59G",
			"port":"8080",
			"protocol":"HTTP",
			"httpDetails":{
				"commandDelayInterval":"0",
				"httpsDetails":{
					"requireClientCert":false,
					"keystoreLocation":null,
					"keystorePassword":null
				}
			}
		},
		{
			"portName":"https",
			"host":"WIN-CM0H55IL59G",
			"port":"4443",
			"protocol":"HTTPS",
			"httpDetails":{
				"commandDelayInterval":"0",
				"httpsDetails":{
					"requireClientCert":false,
					"keystoreLocation":"c:/softwareag/IntegrationServer/instances/default/packages/WxMFTHelper/resources/at_https_cert.jks",
					"keystorePassword":"manage"
				}
			}
		},
		{
			"portName":"sftp",
			"host":"WIN-CM0H55IL59G",
			"port":"2222",
			"protocol":"SFTP",
			"sftpDetails":{
				"commandDelayInterval":"0",
				"ciphers":"aes128-cbc,aes128-ctr,aes192-ctr,aes192-cbc,aes256-cbc,3des-cbc,blowfish-cbc,arcfour128,arcfour,arcfour256",
				"enableDSA":"false",
				"DSAKeyLocation":null,
				"enableRSA":"true",
				"RSAKeyLocation":"c:/softwareag/IntegrationServer/instances/default/packages/WxMFTHelper/resources/at_sftp_server_cert.openssl"
			}
		},
		{
			"portName":"ftp",
			"host":"WIN-CM0H55IL59G",
			"port":"2121",
			"protocol":"FTP",
			"ftpDetails":{
				"commandDelayInterval":"0",
				"implicitSSL":"false",
				"loginMessage":"Welcome to Tom's ftp server"
			}
		}
	],
	"UserList":
	[
		{
			"type":"User",
			"userId":"AA",
			"systemUser":"true",
			"disableLogin":"false",
			"partnerId":null,
			"userDetails":{
				"firstName":"A",
				"lastName":"A",
				"emailAddress":"A.A@sag.com",
				"password":"manage"
			}
		},
		{
			"type":"User",
			"userId":"alice",
			"systemUser":"false",
			"disableLogin":"false",
			"partnerId":null,
			"userDetails":{
				"firstName":"alice",
				"lastName":"alice",
				"emailAddress":"alice@home.dom",
				"password":"manage"
			}
		},
		{
			"type":"User",
			"userId":"BB",
			"systemUser":"true",
			"disableLogin":"false",
			"partnerId":null,
			"userDetails":{
				"firstName":"B",
				"lastName":"B",
				"emailAddress":"B.B@sag.com",
				"password":"manage"
			}
		},
		{
			"type":"Group",
			"userId":"Everyone",
			"disableLogin":"false",
			"partnerId":null
		},
		{
			"type":"Role",
			"userId":"MyRole",
			"disableLogin":"false",
			"partnerId":null
		}
	],
	"VfsDetailsList": 
	[ 
		{
			"vfsName": "a",
			"vfsType": "Local",
			"vfsLocation": 
			{
				"localPath": {
					"filePath": "c:/temp"
				}
			},
			"users": 
			[ 
				{
					"userId": "AA",
					"userType": "User",
					"inheritPermissions": "false",
					"traverseFolder": "false",
					"permissions": 
					{
						"view": "true",
						"download": "false",
						"upload": "true",
						"delete": "false",
						"createDirectory": "false",
						"deleteDirectory": "false",
						"rename": "false",
						"resumeTransfer": "true",
						"sharePublish": "false",
						"slideShow": "false"
					}
				} 
			]
		}, 
		{
			"vfsName": "b",
			"vfsType": "Remote",
			"vfsLocation": 
			{
				"remoteServerDetails": 
				{
					"url": "sftp://192.168.112.3",
					"user": "tom",
					"password": "manage",
					"hADownloadRecovery": "false",
					"hAUploadRecovery": "false",
					"proxy":
					{
						"isProxyEnabled":"true",
						"isCustomProxy":"false",
						"proxyAlias":""
					},
					"sftp": 
					{
						"privateKeyPath": "",
						"privateKeyPassword": "",
						"enableTwoFactorAuth": "false"
					}
				}
			},
			"users": 
			[
				{
					"userId": "BB",
					"userType": "User",
					"traverseFolder": "false",
					"inheritPermissions": "false",
					"permissions": 
					{
						"view": "true",
						"download": "true",
						"upload": "false",
						"delete": "false",
						"createDirectory": "false",
						"deleteDirectory": "false",
						"rename": "false",
						"resumeTransfer": "true",
						"sharePublish": "false",
						"slideShow": "false"
					}
				}
			]
		},
		{
			"vfsName": "c",
			"vfsType": "Local",
			"vfsLocation": 
			{
				"localPath": {
					"filePath": "c:/at"
				}
			},
			"users": 
			[ 
				{
					"userId": "AA",
					"userType": "User",
					"inheritPermissions": "false",
					"traverseFolder": "false",
					"permissions": 
					{
						"view": "true",
						"download": "false",
						"upload": "true",
						"delete": "false",
						"createDirectory": "false",
						"deleteDirectory": "false",
						"rename": "false",
						"resumeTransfer": "true",
						"sharePublish": "false",
						"slideShow": "false"
					}
				} 
			]
		},	
		{
			"vfsName": "d",
			"vfsType": "Remote",
			"vfsLocation": 
			{
				"remoteServerDetails": 
				{
					"url": "sftp://192.168.112.3:22/",
					"user": "tom",
					"password": "manage",
					"hADownloadRecovery": "false",
					"hAUploadRecovery": "false",
					"proxy":
					{
						"isProxyEnabled":"true",
						"isCustomProxy":"false",
						"proxyAlias":""
					},
					"sftp": 
					{
						"privateKeyPath": "",
						"privateKeyPassword": "",
						"enableTwoFactorAuth": "false"
					}
				}
			},
			"users": 
			[
				{
					"userId": "Everyone",
					"userType": "Group",
					"traverseFolder": "false",
					"inheritPermissions": "false",
					"permissions": 
					{
						"view": "true",
						"download": "true",
						"upload": "false",
						"delete": "false",
						"createDirectory": "false",
						"deleteDirectory": "false",
						"rename": "false",
						"resumeTransfer": "true",
						"sharePublish": "false",
						"slideShow": "false"
					}
				}
			]
		},
		{
			"vfsName": "e",
			"vfsType": "Local",
			"vfsLocation": 
			{
				"localPath": {
					"filePath": "c:/at/tntest"
				}
			},
			"users": 
			[ 
				{
					"userId": "alice",
					"userType": "User",
					"inheritPermissions": "false",
					"traverseFolder": "false",
					"permissions": 
					{
						"view": "true",
						"download": "false",
						"upload": "true",
						"delete": "false",
						"createDirectory": "false",
						"deleteDirectory": "false",
						"rename": "false",
						"resumeTransfer": "true",
						"sharePublish": "false",
						"slideShow": "false"
					}
				},

				{
					"userId": "BB",
					"userType": "User",
					"inheritPermissions": "false",
					"traverseFolder": "false",
					"permissions": 
					{
						"view": "true",
						"download": "true",
						"upload": "true",
						"delete": "true",
						"createDirectory": "true",
						"deleteDirectory": "true",
						"rename": "true",
						"resumeTransfer": "true",
						"sharePublish": "true",
						"slideShow": "true"
					}
				}
				
			]
		}
		
	]
}
}