{
"MftConfig":{
	"PortInfoList":[
		{
			"portName":"http",
			"host":"localhost",
			"port":"8080",
			"protocol":"HTTP",
			"httpDetails":{
				"commandDelayInterval":"0",
				"httpsDetails":{
					"requireClientCert":false,
					"keystoreLocation":null,
					"keystorePassword":null
				}
			}
		}
	],
	"UserList":
	[
		{
			"type":"User",
			"userId":"AA",
			"systemUser":"true",
			"disableLogin":"false",
			"partnerId":null,
			"userDetails":{
				"firstName":"A",
				"lastName":"A",
				"emailAddress":"A.A@sag.com",
				"password":"manage"
			}
		}
	],
	"VfsDetailsList": 
	[ 
		{
			"vfsName": "a",
			"vfsType": "Local",
			"vfsLocation": 
			{
				"localPath": {
					"filePath": "c:/temp"
				}
			},
			"users": 
			[ 
				{
					"userId": "AA",
					"userType": "User",
					"inheritPermissions": "false",
					"traverseFolder": "false",
					"permissions": 
					{
						"view": "true",
						"download": "true",
						"upload": "true",
						"delete": "true",
						"createDirectory": "true",
						"deleteDirectory": "true",
						"rename": "true",
						"resumeTransfer": "true",
						"sharePublish": "true",
						"slideShow": "true"
					}
				} 
			]
		}
	]
}
}